,,,,,,,,,,,,
"
Clave",Nombre de la herramienta,Descripción ,¿Qué evalúa?,Referencias,Grupo Etario,Población específica,Tiempo aplicativo,No. de ítems,CIE-11,LS,Observaciones,Obligatorios 
ASQ-15,	Anxiety Screening Questionnaire.,"Es un cuestionario diseñado para uso en atención primaria y tiene como objetivo detectar trastornos de ansiedad generalizada y otros trastornos de ansiedad.",Problemas físicos y Ansiedad,https://cmvinalo.webs.ull.es/docencia/Posgrado/CUESTIONARIOS-ESCALAS-EVALUACION/banco%20de%20instrumentos%20psicometricos_libro.pdf ,A partir de los 18 años,,10-30 minutos,15,6B0,Bienestar mental,,
PHQ-9,	Patient Health Questionnaire,Instrumento diseñado para dar apoyo al diagnóstico de la depresión y determinar su nivel de gravedad. También puede utilizarse para observar los cambios experimentados por el paciente a lo largo del tiempo.,Depresión,https://pubmed.ncbi.nlm.nih.gov/11485122/ ,A partir de los 18 años,,≤10 minutos,9,6A7,Bienestar mental,,
 GERDQ, Cuestionario de Enfermedad por Reflujo Gastroesofágico,,Reflujo gastrointestinal,https://www.scielo.org.mx/img/revistas/endo/v32s2//0188-9893-endo-32-supl2-426-gf1.jpg,≥15 años,Personas con sospecha de reflujo,≤5 minutos,6,MD9,Bienestar físico,,
SF-12,12-Item Short-Form Health Survey," Reducción del instrumento SF-36, evalúa la Calidad de Vida relacionada con la Salud (CVRS). ",Funcionamiento y calidad de vida,https://www.scielo.cl/pdf/rmc/v149n9/0717-6163-rmc-149-09-1292.pdf ,A partir de los 16 años,,≤10 minutos,12,,Bienestar físico y mental,,
Acoso,Acoso,,Acoso,https://www.mejoredu.gob.mx/images/publicaciones/encuesta-acoso-2024.pdf,12-15 años,Adolescentes,≤10 minutos,21,XE4P2,Bienestar social ,,
VAPE,Adicción de VAPE,,Adicción a vapeadores/cigarros electrónicos,https://digitalmedia.hhs.gov/tobacco/educator_hub/lesson_plans/risks_of_vaping_magazine_lesson_plan/signs_of_vaping_addiction?locale=es,≥15 años,Consumidores de vape,≤5 minutos,7,QE1Y,Bienestar físico y mental,,
AUDIT,Alcohol Use Disorders Identification Test,,Alcoholismo,https://www.scielo.org.mx/pdf/spm/v44n2/a05v44n2.pdf,>11 años,,≤10 minutos,10,6C40 ,Bienestar físico,,
ASMS,Escala Autoaplicada de Manía de Altman, Instrumento desarrollado para medir la presencia y gravedad de la sintomatología maníaca.,Presencia y gravedad de sintomatología maníaca ,https://biadmin.cibersam.es/Intranet/Ficheros/GetFichero.aspx?FileName=ASMS_MANxA_ALTMAN.pdf ,,,≤10 minutos,5,SD81A,Bienestar mental,,
AES-S,Apathy Evaluation Scale Self-rated,"Escala utilizada para evaluar la apatía, definida como la falta de motivación no atribuible a una disminución del nivel de conciencia, deterioro cognitivo o malestar emocional.",Apatía,https://biadmin.cibersam.es/Intranet/Ficheros/GetFichero.aspx?FileName=492_99fc3e16-54e4-4b6d-b939-4128fb900ef2.pdf ,A partir de los 18 años,,10-30 minutos,18,MB24.4,Bienestar mental,,
Escala Bristol,Bristol Stool Form Scale,,Forma y consistencia de las esces,https://www.revistagastroenterologiamexico.org/en-guias-diagnostico-tratamiento-del-estrenimiento-articulo-X0375090611243253,Apartir de los 5 años,apto para todo publico ,≤5 minutos,7,ME05.0,Bienestar físico,,
CAGE,CAGE,,Adicción al alcohol,https://whitelightbh.com/resources/alcohol/cage-questionnaire/,≥15 años,Consumidores de alcohol,≤5 minutos,4,"6C40.2, 6C40.2Z, 6C40.20, 6C40.21",Bienestar social y mental,,
EORTIC,Calidad de vida para pacientes con cáncer,,Calidad de vida,https://tabasco.gob.mx/sites/default/files/users/ssaludtabasco/72.pdf,≥18 años,Pacientes con diagnóstico de cáncer,≤15 minutos,30,,Bienestar mental,,
CVE-20,calidad de vida para pacientes con estreñimiento ,,calidad de vida ,https://static.elsevier.es/multimedia/00257753/0000013100000010/v0_201607111109/13126141/v0_201607111111/es/2v131n10a13126141pdf001.pdf?idApp=UINPBA00004N&text ,personas con estreñimiento ,poblacion en general apartir de los 18 años,10 - 15  minutos,20,"ME05.0
DD91.1
",Bienestar físico,,
CAMBRA mod de 0-5 ,Caries Management by Risk Assessment mod de 0-5  ,,Caries ,https://pmc.ncbi.nlm.nih.gov/articles/PMC11567501/pdf/1135-5727-resp-97-e202312112.pdf,0 - 5 años,,≤10 minutos,19,DA08,Bienestar físico,,
CRAFFT,CARLOS (CRAFFT),,Adicciones,https://revistas.unc.edu.ar/index.php/revaluar/article/download/15756/15527/43148,12 a 21 años o personas que  sospeche de adicciones,personas con sospechas de uso de sustancias ,≤10 minutos,9,6C4,Bienestar físico y social,,
CDI,Inventario de Depresión Infantil,Escala utilizada para evaluar sintomatología depresiva en población infantil y adolescente.,Depresión infantil,"https://www.agapap.org/druagapap/system/files/CuestionarioDepresi%C3%B3nInfantil-2.pdf

https://www.agapap.org/druagapap/system/files/Interpretaci%C3%B3nCDI.pdf 
 ",De los 7 a 17 años,,10-30 minutos,27,6A7,Bienestar mental,,
Ciber acoso,Ciber acoso,,Ciber acoso,https://www.mejoredu.gob.mx/images/publicaciones/encuesta-acoso-2024.pdf,12-15 años,Adolescentes,≤10 minutos,8,XE4P2,Bienestar social ,,
CSQ,Communication Skills Questionnaire,Instrumento que evalúa habilidades comunicativas en el área conversacional y comunicativa interpersonal.,Habilidades comunicativas,https://biadmin.cibersam.es/Intranet/Ficheros/GetFichero.aspx?FileName=287_3062eac1-0376-466b-8ee6-dfd1977d3134.pdf ,De los 18 a 59 años,,10-30 minutos,29,,Bienestar social y mental,,
CDAI,Crohn's Disease Activity Index,,Severidad de la enfermedad de crohn,Crohn's Disease Activity Index (CDAI),,Pacientes con enfermedad de Crohn,-,6,,,,
CBD,Cuestionario breve del dolor,,Dolor crónico,https://www.gamo-smeo.com/previous/archivos/2016/GAMO_V15_Supl_1.pdf,≥18 años,Pacientes con tratamientos de cáncer,-,22,MG30,Bienestar físico,,
SSBQ,Cuestionario de comportamiento sexual seguro,,Comportamientos sexuales,https://elcentro.sonhs.miami.edu/research/measures-library/ssbq/index.html,≥ 12 años,Personas con vida sexual activa,≤10 minutos,27,HA8Z,Bienestar físico y social,,
FAB,Cuestionario de creencias sobre el miedo y la evitación,, Función afectiva y conductual en pacientes,https://www.kovacs.org/descargas/CuestionarioFAB.pdf,≥ 15 años ,Pacientes con cáncer,≤10 minutos,16,"MG24.0Y",Bienestar físico,,
SOAPP-R,Cuestionario de detección y evaluación de opioides para pacientes con dolor,,Uso de opioides,https://www.gamo-smeo.com/previous/archivos/2016/GAMO_V15_Supl_1.pdf,≥18 años,Pacientes con tratamiento opiaceo ,≤10 minutos,24,"QE11.0, 6C43.2",Bienestar físico y mental,,
CAN,Cuestionario del Control del Asma en Niños (CAN) ,,Asma,https://revistaalergia.mx/ojs/index.php/ram/article/view/29/2542 ,2- 12 años ,Pedriaticos,≤10 minutos,9,CA23,Bienestar físico,,
CISNEROS,"Cuestionario Individual sobre psicoterror, negación, estigmatización y rechazo en organizaciones sociales",,Mobbing,https://www.redalyc.org/pdf/727/72716413.pdf,≥ 18 años ,Pacientes con vida laboral,≤15 minutos,44,XE4P2,Bienestar social y mental,,
IPAQ_S,Cuestionario Internacional de Actividad Física ,,Actividad física,https://www.elsevier.es/es-revista-revista-iberoamericana-fisioterapia-kinesiologia-176-articulo-el-cuestionario-internacional-actividad-fisica--13107139,18 - 65,Adultos,7 minutos,7,QE20,Bienestar físico,se puede ligar con un índice propuesto por jairo,
COS,Cuestionario Oviedo del Sueño.,Cuestionario de apoyo para el diagnóstico para los trastornos del sueño tipo insomnio e hipersomnio. ,Sueño-vigilia ,https://www.aidep.org/sites/default/files/2023-05/RIDEP68-Art4.pdf ,De los 18 a 59 años,,10-30 minutos,15,07,Bienestar físico y mental,,
,Cuestionario Roland-Morris,,Efectos del dolor lumbar,https://multimedia.elsevier.es/PublicationsMultimediaV1/item/multimedia/S0212656715003406:mmc2.pdf?idApp=UINPBA00004N,≥ 18 años ,Pacientes con lumbagia,≤15 minutos,24,"ME84.2
",Bienestar físico,,
FSS,Cuestionarios de evaluación de fatiga,,Fatiga de pacientes con tratamientos constantes y personal de salud,https://www.elsevier.es/es-revista-educacion-medica-71-articulo-validacion-psicometrica-escala-gravedad-fatiga-S1575181318300652       https://www.thoracic.org/members/assemblies/assemblies/srn/questionaires/fss.php,≥18 años,Mayores de 18 años,≤10 minutos,9,MG22,Bienestar físico y mental,,
DTS,Davidson Trauma Scale,Instrumento que cuantifica la frecuencia y la gravedad de cada uno de los síntomas del Trastorno por Estrés Post-Traumático.,Trastorno de estrés postraumático,https://www.redalyc.org/pdf/582/58229682007.pdf ,A partir de los 18 años,,≤10 minutos,17,"6B40
6B41",Bienestar mental,,
ASRS-V1.1,El Adult ADHD Self-Report Scale Version 1.1,"Cuestionario de 18 ítems que mide síntomas actuales de TDAH en población adulta.",Síntomas actuales de TDAH en adultos ,https://www.redalyc.org/pdf/2891/289122906007.pdf ,De los 18 a 59 años,,≤10 minutos,18,XM12M9,Bienestar mental,,
EuroQol,EQ‑5D‑5L,,calidad de vida relacionada con la salud,https://eq-5dpublications.euroqol.org/details?id=0_94838&nosearchform=true&noheader=true,18 - 75 o mas años,apto para todo publico,≤10 minutos,6,,Bienestar físico,,
C-SSRS,Escala columbia de severidad suicida,Instrumento útil para la ideación y la conducta suicida.,Riesgo suicida,https://www.elsevier.es/es-revista-revista-psiquiatria-salud-mental-286-articulo-validacion-version-espanol-columbia-suicide-severity-S1888989116000616 ,A partir de los 12 años,,≤10 minutos,6,"MB23.R
MB26.A
PD3Z
XE97V
XE5D6
XE2SF
XE3YR",Bienestar mental,,
LIPT 60,Escala de acoso laboral de Leymann,,Acoso laboral,https://ru.dgb.unam.mx/bitstream/20.500.14330/TES01000779190/3/0779190.pdf,≥ 18 años ,Pacientes con empleo,20-30 minutos,60,XE4P2,Bienestar físico y social,,
EAG,Escala de Adicción General,"Escala útil para evaluar el grado de adicciones entre las que se consideran la compra compulsiva, la práctica de deportes (correr, aeróbicos), diversas adicciones alimentarias (dulces, chocolates), otros consumos específicos (café, refrescos), trabajo, internet, sexo, videojuegos, televisión, entre otros.",Grado de adicción,https://ais.paho.org/classifications/chapters/pdf/volume1.pdf ,A partir de los 12 años,,10-30 minutos,11,,Bienestar físico y mental,,
TAS-20,Escala de Alextimia de Toronto,"Escala que evalúa la presencia de alexitimia, esto es, la capacidad de los sujetos para identificar y describir emociones.",Alexitimia,https://www.revistas.unam.mx/index.php/repi/article/view/18555 ,18-59 años,,≤10 minutos,20,,Bienestar mental,,
HADS,Escala de Ansiedad y Depresión Hospitalaria,Instrumento diseñado para detectar trastornos de ansiedad y depresión en servicios hospitalarios no psiquiátricos en pacientes que no estuvieran contaminados por la sintomatología de una enfermedad física. ,Ansiedad y depresión en pacientes con visitas constantes al hospital,https://www.redalyc.org/pdf/1339/133930525004.pdf,≥14 años,Población con tratamiento hospitalario,≤15 minutos,14,"6A7, 6B0",Bienestar mental,,
AFA-R,Escala de apoyo social,,Apoyo social,https://www.redalyc.org/pdf/3587/358741844005.pdf ,A partir de los 12 años,,≤10 minutos,14,,Bienestar social ,,
EAC,Escala de Autoestima Corporal,,Satisfacción y atractivo corporal ,https://www.redalyc.org/pdf/4771/477152554006.pdf  ,≥18 años,,10-30 minutos,26,,Bienestar mental,,
RSES,Escala de Autoestima de Rosenberg,Escala utilizada para valorar la autoestima en adolescentes,Autoestima,https://www.revistas.unam.mx/index.php/rlmc/article/view/55207 ,12-18 años,,≤10 minutos,10,MB28.9,Bienestar social y mental,,
ESCALA DE BRADEN,Escala de Braden-Bergstrom,,Predicción del riesgo de úlceras por presión,https://pmc.ncbi.nlm.nih.gov/articles/PMC8363405/,media <60 años,poblacion inmovil ,≤10 minutos,6,EH90,Bienestar físico,,
MRS,escala de calificación de la menopausia,,síntomas de la menopausia,https://hqlo.biomedcentral.com/articles/10.1186/1477-7525-2-45,Mujeres mayores de 40 años,,≤10 minutos,11,GA30,Bienestar físico,,
GDS,Escala de Depresión Geriátrica de Yesavage,Instrumento diseñado para ser empleado en población anciana para detectar la posible presencia de depresión.,Depresión geriátrica,https://scielo.isciii.es/pdf/medif/v12n10/original2.pdf ,>60,Pacientes geriátricos,≤15 minutos,15,6A7,Bienestar mental,,
EPDS,Escala de Depresión Postnatal de Edimburgo,,Depresión postnatal,https://pubmed.ncbi.nlm.nih.gov/27403273/ ,18-59 años,Mujeres embarazadas,≤10 minutos,10,6E20,,,
BHS,Escala de Desesperanza de Beck," Escala para evaluar las expectativas negativas sobre el futuro y el riesgo de suicidio, identificando tres dimensiones (afectiva, motivacional y cognitiva).",Desesperanza,https://pubmed.ncbi.nlm.nih.gov/12910351/ ,A partir de los 16 años,,≤10 minutos,20,MB22.3,Bienestar mental,,
E-PICA,"Escala de Peso, Imagen Corporal y Autoestima","Instrumento que evalúa la percepción personal de los cambios en el peso corporal y el ajuste psicosocial en los pacientes con trastornos mentales. ",Percepción personal de los cambios en el peso corporal,https://www.sciencedirect.com/science/article/abs/pii/S0010440X1200065X?via%3Dihub ,≥18 años,,≤10 minutos,12,,Bienestar mental,,
EDAH,Escala del trastorno por déficit de atención con hiperactividad,,Trastorno por déficit de atención con hiperactividad en niños,https://www.redalyc.org/pdf/3498/349832326055.pdf ,6-17 años,Estudiantes,≤10 minutos,20,6A05,Bienestar mental,,
OSA-181,Evaluation of Sleep-Disordered Breathing,,Evaluación de problemas para respirar durante el sueño,https://www.cenetec-difusion.com/CMGPC/GPC-SS-572-21/ER.pdf,menos de 18 años ,Pediatricos ,≤15,,"7A20, 7A4",Bienestar físico,,
FABQ ,FearAvoidance Beliefs Questionnaire,,"preocupación sobre la importancia del dolor y la
vulnerabilidad de la columna a la actividad física",https://multimedia.elsevier.es/PublicationsMultimediaV1/item/multimedia/S0212656715003406:mmc2.pdf?idApp=UINPBA00004N,≥ 18 años ,Pacientes con lumbagia,≤10 minutos,16,ME84.2,Bienestar físico,,
FINDRISC,FINDRISC,,Diabetes Mellitus 2,https://diagnostics.roche.com/content/dam/diagnostics/es/rapid-control/Hoja%20Test%20findrisc.pdf,A partir de 35 años,,-,8,5A11,Bienestar físico y nutricional,LISTO EN ALGORITMOS,
FRAIL,FRAIL,,Fragilidad,Tests FrailSarcf_WEB_2,≥ 30,Población con sospecha clínica o que cumplan criterio de edad,-,5,MG2A,Bienestar físico,LISTO EN ALGORITMOS,
GASA,Game Addiction Scale for Adolescents,,Adicción a los videojuegos en adolescentes,https://www.sciencedirect.com/science/article/pii/S0212656716303948,≥15 años,Adolescentes,≤5 minutos,7,6C51.Z,Bienestar social y mental,,
GAD-7,Generalized Anxiety Disorder,,Ansiedad,https://pubmed.ncbi.nlm.nih.gov/20089179/ ,A partir de los 18 años,,≤10 minutos,7,6B0,Bienestar mental,,
GOHAI,Geriatric/ General Oral Health Assesment Index (GOHAI),,"las necesidades clínicas y percibidas de
los adultos mayores",https://www.redalyc.org/pdf/4577/457745483020.pdf,50 años o más,Adulto mayor,≤10 minutos,12,DA08,Bienestar físico,,
HIT- 6,Headache Impact Test,,Impacto del dolor de cabeza en la vida diaria,https://pmc.ncbi.nlm.nih.gov/articles/PMC3057423/ ,12 años o mas,cualquier paciente diagnosticado o con sospecha de cefaleas,≤10 minutos,6,8A80,Bienestar físico,,
,Identificación y análisis de los factores de riesgo psicosocial y evaluación del entorno organizacional en los centros de trabajo,,Acoso laboral,https://somosmina.com/wp-content/uploads/2024/06/Mina-Cuestionario-Acoso-Laboral-Nom-035-Guia-de-Referencia-III.pdf,≥ 18 años ,Pacientes con empleo,20-30 minutos,72,XE4P2,Bienestar físico y social,,
ODI,Índice de Discapacidad de Oswestry,,Discapacidad para la Lumbalgia,https://www.scielo.org.mx/pdf/cicr/v88n6/2444-054X-cir-88-6-708.pdf,mayores de 18 años,Cualquier pesaona con sospechas de lumbalgia y alguna intervencon quirurgica en zona discal ,≤10 minutos,10,SC61,Bienestar físico,,
ISI,Indice de Severidad de Insomnio,,Gravedad de insomnio,http://www.scielo.org.pe/scielo.php?script=sci_arttext&pid=S2413-44652023000100007 ,≥18 años,,≤10 minutos,7,07,Bienestar físico y mental,,
 ICIQ-UI SF,International Consultation on Incontinence Questionnaire Short Form,, incontinencia urinaria y su impacto en la calidad de vida,https://www.scielo.cl/scielo.php?pid=S0034-98872012000300009&script=sci_arttext&tlng=en,>60 años,,≤10 minutos,4,MF50.2,Bienestar físico,,
DAI,Inventario de actitudes hacia la medicación,,Respuesta subjetiva a la medicación antipsicótica,https://www.researchgate.net/publication/247136327_Drug_attitude_inventory_spanish-adapted_version ,18-59 años,,≤10 minutos,10,,Bienestar físico y mental,,
SPIN,Inventario de Fobia Social,,Fobia social,https://pubmed.ncbi.nlm.nih.gov/10827888/ ,≥12,,≤10 minutos,17,6804,Bienestar social y mental,,
IRS D-V,Inventario de recursos sociales Díaz Veiga,,Recursos sociales del adulto mayor,https://www.gob.mx/cms/uploads/attachment/file/813747/Guia_InstrumentosEvaluacion_2022_31oct.pdf,≥60 años,Adultos mayores,10 minutos,16,"QE0Y, QE0Z",Bienestar social ,,
MDASI,Inventario de síntomas de MD,,Mayor dolor,https://www.ons.org/sites/default/files/2017-06/MDA_SymptomInventory_Core_Spanish_0.pdf,≥ 18 años ,Pacientes con cáncer,≤10 minutos,19,"MG30",Bienestar físico,,
ITRD,Inventario Texas Revisado de Duelo,,Duelo,https://www.elsevier.es/es-revista-atencion-primaria-27-articulo-inventario-texas-revisado-duelo-itrd--13074293,≥14 años,Adolescentes y adultos,≤10 minutos,21,"QE62, 6B42",Bienestar mental,,
MBG,Martín-Bayarre-Grau,,Adhesión al tratamiento,https://www.revistas.unam.mx/index.php/atencion_familiar/article/view/54784/48668,≥18 años,Mayores de edad,≤10 minutos,12,-,Bienestar físico,,
MBI-HSS ,Maslach Burnout Inventory Human  Services  Survey  ,,Bornout,https://psicologiaysalud.uv.mx/index.php/psicysalud/article/view/681/1200,18- te,,≤10 minutos,22,,Bienestar social ,,
MGH-SFQ,Massachusetts General Hospital-Sexual Functioning Questionnaire,,Funcionamiento sexual,https://www.sciencedirect.com/science/article/abs/pii/S1698031X2200005X,≥60 años,Adultos mayores,≤5 minutos,5,"VV51, HA01, HA01.Z, HA01.0Z",Bienestar mental,,
CMRC y EGMRC,Miedo a la recurrencia al cáncer y Escala General del Miedo a la Recurrencia del Cáncer ,,Personas con remisión al cáncer,https://revistas.ucm.es/index.php/PSIC/article/view/87576/4564456563793,≥18 años,Población con diagnóstico de cáncer en remisión,≤10 minutos,10 y una escala,MB24.A,Bienestar mental,,
CTH,Mood Disorder Questionnaire.,,Trastorno bipolar,https://biadmin.cibersam.es/Intranet/Ficheros/GetFichero.aspx?FileName=MDQ.pdf ,A partir de los 18 años,,≤10 minutos,15,,Bienestar mental,,
OSDI,Ocular Disease Surface Index,,Establecer el tipo y gravedad del síndrome de ojo seco,https://www.scielo.org.mx/pdf/rmof/v96n6/2604-1227-rmof-96-06-231.pdf,≥ 12 años,Apto para todo publico ,≤10 minutos,12,9A79,Bienestar físico,,
PCS,Pain Catastrophizing Scale,,Capacidad para apartar el dolor,https://multimedia.elsevier.es/PublicationsMultimediaV1/item/multimedia/S0212656715003406:mmc2.pdf?idApp=UINPBA00004N,≥ 18 años ,Pacientes con dolores crónicos,≤10 minutos,13,"MG30",Bienestar físico,,
Escala PEG,"Pain, Enjoyment of Life and General Activity Scale",,,,,,,,,,,
PAC‐SYM,Patient Assessment of Constipation Symptoms Questionnaire,,sintomas de estreñimiento,https://eprovide.mapi-trust.org/instruments/patient-assessment-of-constipation-symptoms ,personas con sintomas de estreñimiento,poblacion en general apartir de los 18 años,≤10 minutos,12,DD91.1,Bienestar físico,,
PSS,Perceived Stress Scale,,Estrés percibido,https://biadmin.cibersam.es/Intranet/Ficheros/GetFichero.aspx?FileName=466_0fcf150b-b08b-46a1-9f69-dc287bec1d54.pdf   ,≥18 años,,≤10 minutos,14,MT1,,,
RAP,Respiratory Allergy Prediction,, calidad de vida en RINITIS Y ASMA,https://www.all-imm.com/index.php/aei/article/view/233/199,Apartir de 18 años.,,≤10 minutos,8,CA00 y CA08,Bienestar físico,El cuestionario puede aplicarse a pacientes pedriatricos segun sea el caso y la sospecha diagnostica.,
SARC-F,SARC-F,,Sarcopenia,Tests FrailSarcf_WEB_2,> 60*,Población con sospecha clínica o que cumplan criterio de edad,-,5,"FB32.Y, 8E4A.3**",Bienestar físico y nutricional,*En Guías ESGWOP se sugiere aplicación en población joven. **La clasificación depende de la etiología. LISTO EN ALGORITMOS,
HHIE-S,Shortened Hearing Handicap Inventory for the Elderly,,Impacto social y emocional de la hipoacusia,https://otorrino.org.mx/wp-content/uploads/2024/12/Otorrino4_24CONpublicidad.pdf,Apartir de los ,,,,,Bienestar social ,,
TAI,Test de adhesión a inhaladores,,Adhesión al tratamiento,https://www.taitest.com/docs/Guia_Usuario_TAI_ES.pdf,≥18 años,Mayores de edad con diagnóstico de EPOC o enfermedad respiratoria,≤10 minutos,10,-,Bienestar físico,,
CAT,test de control del asma,,Asma, https://www.medigraphic.com/pdfs/neumo/nt-2022/nt223b.pdf ,de 13 años en adelante,Apto para poblacion mayor a 13 años,≤5 minutos,5,CA23,Bienestar físico,,
FTND,Test de Fagerström,,Test de adicción a la nicotina,https://www.nicorette.es/como-dejar-de-fumar/test-fagerstrom,≥15 años,Consumidores de cigarrillos,≤5 minutos,6,"6C4A.2, 6C4A.2Z, 6C4A.20",Bienestar físico,,
,Test de Fagerström de Dependencia de Nicotina,,Dependencia de Nicotina,https://pubmed.ncbi.nlm.nih.gov/28252508/ ,≥ 18 años ,,≤10 minutos,6,6C4A.2,Bienestar físico y mental,,
,Test de Ishihara,,Daltonismo,https://cienciauanl.uanl.mx/ojs/index.php/revista/article/view/78/113,Apartir de los 5 años,Personas que pueden leer números incluyendo pediatricos.,≤10 minutos,8,9D53,Bienestar físico,La valoracion del tets se divide en los tipos de  ,
MALT,Test Müncher Alkolismustes,,Alcoholismo objetivo y subjetivo,https://www.elsevier.es/es-revista-atencion-primaria-27-articulo-validacion-del-munchner-alkoholismus-test-S0212656709001656 ,18-59 años,,30-60 minutos,30,6C40.2,Bienestar físico y mental,,
,Test sobre la carga del cuidador (Zarit y Zarit),,Sobrecarga de cuidador,https://www.redalyc.org/journal/3438/343876253062/343876253062.pdf,≥ 18 años ,Cuidadores de otra persona,≤10 minutos,22,"QF27",Bienestar físico y mental,,
APGAR,The Familiy Apgar,,Funcionamiento familiar,https://www.elsevier.es/es-revista-atencion-primaria-27-articulo-validez-fiabilidad-cuestionario-funcion-familiar-apgar-familiar-14357 ,A partir de los 10 años,,10-30 minutos,5,,Bienestar social ,,
T-­ACE,"Tolerance, Annoyance, Cut down, Eye-opener",,Alcoholimos en el embarazo ,https://pmc.ncbi.nlm.nih.gov/articles/PMC2965701/,mujeres embarazadas,mujeres embarazadas,2 - 3 minutos ,4,,Bienestar físico,,
Truelove,Truelove and Witts Severity Index for Ulcerative Colitis,,Severidad de colitis ulcerativa,Truelove and Witts Severity Index for Ulcerative Colitis,,,,,,,,
VFQ-25,Visual Function Quality 25,,Función visual ,https://www.medigraphic.com/pdfs/revcuboft/rco-2017/rco171i.pdf ,≥ 18 años ,Apto para todo publico ,≤10 minutos,25,-----,Bienestar físico,,
WOMAC,Western Ontario and McMaster Universities Osteoarthritis Index,,"evaluar el dolor, la rigidez y la capacidad funcional respecto a la artrosis",https://www.medigraphic.com/pdfs/fisica/mf-2014/mf141b.pdf,≥ 30 años ,Apto para todo publico ,≤10 minutos,24,"FA00, FA01 ",Bienestar físico,,
DSDH17M,ESCALA DE DISTRESS EMOCIONAL EN PACIENTES CON DIABETES Y/O HIPERTENSIÓN ,,Estrés emocional por DM2 y HAS,https://pmc.ncbi.nlm.nih.gov/articles/PMC4785307/,≥ 20 años ,Pacientes con diabetes y/o hipertensión,20 minutos,17,"5A11, BA04",Bienestar mental,LISTO EN ALGORITMOS,